"Qty";"Value";"Device";"Package";"Parts";"Description";"DIGIKEY";"DIST";"DIST_ID";"MF";"MPN";"PROD_ID";"SF_SKU";"VALUE";
"1";"";"IRF7509";"MSOP8";"Q1";"30V Dual PMOS/NMOS MSOP-8";"";"";"";"";"";"TRANS-07913";"";"";
"1";"";"M03PTH";"1X03";"JP3";"Header 3";"";"";"";"";"";"";"";"";
"1";"";"USB_C";"USB_C_CUSB31-CFM2AX-01-X";"X2";"USB Type-C USB 2.0 Connector";"";"";"";"";"";"";"";"";
"2";".1uF";"0.1UF-25V(+80/-20%)(0603)";"0603-CAP";"C1, C4";"CAP-00810";"";"";"";"";"";"CAP-00810";"";"0.1uF";
"2";"1.5k";"1.5KOHM-0603-1/10W-1%";"0603";"R17, R19";"1.5kΩ resistor";"";"";"";"";"";"RES-08306";"";"1.5k";
"1";"100k";"100KOHM-0603-1/10W-1%";"0603";"R22";"100kΩ resistor";"";"";"";"";"";"RES-07828";"";"100k";
"7";"10k";"10K-1%RES-00824";"0603-RES";"R3, R9, R13, R14, R15, R16, R18";"10k-ohm SMT";"";"";"";"";"";"RES-00824";"";"10k";
"1";"10uF";"10UF-0603-6.3V-20%";"0603";"C5";"10.0µF ceramic capacitors";"";"";"";"";"";"CAP-11015";"";"10uF";
"2";"1M";"1MOHM1/10W1%(0603)";"0603-RES";"R1, R2";"RES-07868";"";"";"";"";"";"RES-07868";"";"";
"1";"1k";"1KOHM-0603-1/10W-1%";"0603";"R20";"1kΩ resistor";"";"";"";"";"";"RES-07856";"";"1k";
"2";"1uF";"1.0UF-16V-10%(0603)";"0603-CAP";"C2, C3";"CAP-00868";"";"";"";"";"";"CAP-00868";"";"1.0uF";
"1";"2.0k";"2.0KOHM-0603-1/10W-5%";"0603";"RPROG";"2kΩ resistor";"";"";"";"";"";"RES-08296";"";"2.0k";
"1";"2.2UH3A";"INDUCTOR-IFSC1515AHER2R2M01";"INDUCTOR_4X4MM";"L1";"Inductors";"";"";"";"";"";"NDUC-13770";"";"2.2UH3A";
"3";"22uF";"22UF-0805-6.3V-20%";"0805";"C7, C8, C11";"22µF ceramic capacitors";"";"";"";"";"";"CAP-08402";"";"22uF";
"2";"3A/40V/500mV";"DIODE-SCHOTTKY-B340A";"SMA-DIODE";"D9, D10";"Schottky diode";"";"";"";"";"";"DIO-09886";"";"3A/40V/500mV";
"1";"4.7k";"4.7KOHM-0603-1/10W-1%";"0603";"R24";"4.7kΩ resistor";"";"";"";"";"";"RES-07857";"";"4.7k";
"2";"4.7uF";"4.7UF0603";"0603";"C9, C10";"4.7µF ceramic capacitors";"";"";"";"";"";"CAP-08280";"";"4.7uF";
"2";"750K";"750KOHM-0603-1/10W-1%";"0603";"R21, R25";"750Ω resistor";"";"";"";"";"";"RES-13768";"";"750K";
"1";"ADP160-3.3";"ADP160";"SOT23-5";"U3";"Nanopower LDO";"";"Digikey";"ADP160AUJZ-3.3-R7TR-ND";"";"";"VREG-11306";"";"ADP160";
"1";"ADXL362";"ADXL362ADXL362-1:1";"ADXL362-1:1";"U1";"Micropower 3-axis accelerometer";"";"";"";"";"";"";"";"";
"1";"ATTINY2313";"ATTINY2313A";"SOP20W";"U2";"ATTINY2313A";"";"DIGIKEY";"ATTINY2313A-SU-ND";"";"";"IC-11305";"";"ATTINY2313A";
"1";"BLUE";"LED-BLUE0603";"LED-0603";"D8";"Blue SMD LED";"";"";"";"";"";"DIO-08575";"";"BLUE";
"1";"JST";"CONN_02-JST-2MM-SMT";"JST-2-SMD";"J6";"Multi connection point. Often used as Generic Header-pin footprint for 0.1 inch spaced/style header connections";"";"";"";"";"";"CONN-11443";"";"";
"1";"MA12RTR";"SWITCH-SPDT-SMD-RIGHT-ANGLE";"SWITCH_SPST_SMD_A";"S7";"Single Pole, Double Throw (SPDT) Switch";"679-1847-1-ND";"";"";"";"";"SWCH-10651";"COM-10860";"";
"1";"MCP73831";"MCP73831";"SOT23-5";"U5";"MCP73831T Li-Ion, Li-Pol Controller";"";"";"";"";"";"IC-09995";"";"";
"1";"PAM2401";"PAM2401";"MSOP8";"U6";"PAM2401 - Boost PMIC";"";"";"";"";"";"IC-13769";"";"PAM2401";
"1";"PROG_HDR";"AVR_SPI_PRG_6PTH";"2X3";"J1";"AVR ISP 6 Pin";"";"";"";"";"";"";"";"";
"1";"PTH";"CONN_02";"1X02";"J5";"Multi connection point. Often used as Generic Header-pin footprint for 0.1 inch spaced/style header connections";"";"";"";"";"";"";"";"";
"1";"RASPI_GPIO_B+#_PIN";"RASPI_GPIO_B+#_PIN";"RASPI_GPIO_B+_PIN";"X1";"2x20 header connector, all pins connected";"";"";"";"";"";"";"";"";
"3";"RED";"LED-RED0603";"LED-0603";"D1, D2, D11";"Red SMD LED";"";"";"";"";"";"DIO-00819";"";"RED";
"5";"SPST-12MM";"MOMENTARY-SWITCH-SPST-SMD-12MM";"TACTILE_SWITCH_SMD_12MM";"S1, S2, S3, S4, S5";"Momentary Switch (Pushbutton) - SPST";"";"";"";"";"";"SWCH-11967";"COM-12993";"";
"2";"SS14-LTP_SCHOTTKY_DIODE_SMT_DO-214AC";"SS14-LTP_SCHOTTKY_DIODE_SMT_DO-214AC";"DO-214AC";"D6, D7";"DIODE SCHOTTKY 1A 40V SMA";"SS14-LTPMSCT-ND";"";"";"Micro Commercial Co";"SS14-LTP";"";"";"";
